,transcript_id,transcript_position,score
8,tx_id_0,0,0.00988484000098154
10,tx_id_0,10,0.5163642853395471
11,tx_id_0,20,0.45688110108651786
19,tx_id_0,30,0.6313803641234078
3,tx_id_0,40,0.14665927691414124
9,tx_id_0,50,0.0037403142670614196
5,tx_id_0,60,0.011574215055815578
12,tx_id_0,70,0.004135352698221217
31,tx_id_0,80,0.0063836622876392735
6,tx_id_0,90,0.03612795375033999
24,tx_id_0,100,0.0021165628728838587
13,tx_id_0,110,0.01256371872948355
16,tx_id_0,120,0.044840635336320156
0,tx_id_0,130,0.02258506173313281
1,tx_id_0,140,0.05569819879697363
22,tx_id_0,150,0.07592831158567544
4,tx_id_0,160,0.04121808770340485
20,tx_id_0,170,0.007384291847386561
15,tx_id_0,180,0.41358820141450653
25,tx_id_0,190,0.003602287146348128
18,tx_id_0,200,0.09808542985193883
7,tx_id_0,210,0.5884991377578884
26,tx_id_0,220,0.02303037263636959
21,tx_id_0,230,0.012825791333131128
17,tx_id_0,240,0.3472173438317094
28,tx_id_0,250,0.18323944419536717
2,tx_id_0,260,0.32839838427253726
32,tx_id_0,270,0.010057821889244182
14,tx_id_0,280,0.0398650684694438
23,tx_id_0,290,0.008718654211723976
35,tx_id_0,300,0.6028301475997903
30,tx_id_0,310,0.3056845507765257
29,tx_id_0,320,0.07163329700502531
27,tx_id_0,330,0.5622749607076074
43,tx_id_0,340,0.008171933272733764
50,tx_id_0,350,0.09370241823632026
41,tx_id_0,360,0.5768906316642733
37,tx_id_0,370,0.19522358466773437
54,tx_id_0,380,0.019247677013815995
34,tx_id_0,390,0.739865176517814
52,tx_id_0,400,0.0005937718747518347
38,tx_id_0,410,0.006672187391288756
48,tx_id_0,420,0.009969534669419137
53,tx_id_0,430,0.28800633015836735
33,tx_id_0,440,0.4309995586247553
40,tx_id_0,450,0.6826653236905474
56,tx_id_0,460,0.025718211157848805
49,tx_id_0,470,0.0049927589386062595
46,tx_id_0,480,0.10662268716485866
44,tx_id_0,490,0.039416981612424656
84,tx_id_0,500,0.50187166889381
55,tx_id_0,510,0.35410951779075295
39,tx_id_0,520,0.006466826677369015
51,tx_id_0,530,0.06453333761059996
76,tx_id_0,540,0.009580990936292916
36,tx_id_0,550,0.028837851116279022
59,tx_id_0,560,0.012238102968917449
79,tx_id_0,570,0.0017492841310729618
47,tx_id_0,580,0.10393647009969009
45,tx_id_0,590,0.0028288473011997667
65,tx_id_0,600,0.0018256608088236754
42,tx_id_0,610,0.035449902761354964
61,tx_id_0,620,0.02850201336158156
64,tx_id_0,630,0.15484314843213237
63,tx_id_0,640,0.057571723465680444
70,tx_id_0,650,0.12854181428018624
66,tx_id_0,660,0.07165544762853962
72,tx_id_0,670,0.3278396127514188
58,tx_id_0,680,0.25621815892709066
69,tx_id_0,690,0.9429442837262869
68,tx_id_0,700,0.013766910555149886
96,tx_id_0,710,0.06655226872602314
62,tx_id_0,720,0.010146077584494368
60,tx_id_0,730,0.008137077553006427
73,tx_id_0,740,0.07409185064326315
81,tx_id_0,750,0.0557309295094516
80,tx_id_0,760,0.06950524011655385
67,tx_id_0,770,0.5285719220601692
74,tx_id_0,780,0.05461270944832473
86,tx_id_0,790,0.20721286535813913
71,tx_id_0,800,0.4079408470943109
75,tx_id_0,810,0.09375480003326227
57,tx_id_0,820,0.8243918506322839
78,tx_id_0,830,0.011109958986311707
82,tx_id_0,840,0.004706074407816109
92,tx_id_0,850,0.43635544771670287
85,tx_id_0,860,0.016084788961269976
87,tx_id_0,870,0.7337739335695983
89,tx_id_0,880,0.6642678498139062
93,tx_id_0,890,0.07734142437391273
83,tx_id_0,900,0.00769217408867587
77,tx_id_0,910,0.010958675399450772
114,tx_id_0,920,0.07494995591880271
97,tx_id_0,930,0.03586835941043554
113,tx_id_0,940,0.01862222338673597
106,tx_id_0,950,0.0020112612620236336
90,tx_id_0,960,0.47912261841670883
91,tx_id_0,970,0.05329350641114576
88,tx_id_0,980,0.028737193739305566
94,tx_id_0,990,0.5957914172201494
112,tx_id_0,1000,0.6794917979183919
95,tx_id_0,1010,0.5362831526316297
100,tx_id_0,1020,0.028606891140411147
130,tx_id_0,1030,0.07056259546362365
103,tx_id_0,1040,0.6396493294045662
121,tx_id_0,1050,0.003687456973540041
99,tx_id_0,1060,0.06593604193706591
101,tx_id_0,1070,0.15059940382238543
110,tx_id_0,1080,0.1139153303243526
131,tx_id_0,1090,0.42112233688976414
102,tx_id_0,1100,0.008627074728770927
109,tx_id_0,1110,0.3225470084543686
115,tx_id_0,1120,0.14407144881743106
124,tx_id_0,1130,0.03510607328187146
128,tx_id_0,1140,0.1758045480703413
117,tx_id_0,1150,0.02483790814919227
98,tx_id_0,1160,0.2189739333136073
108,tx_id_0,1170,0.6124569818715566
105,tx_id_0,1180,0.03315102010994919
119,tx_id_0,1190,0.5259091537145594
118,tx_id_0,1200,0.0045770106119001185
125,tx_id_0,1210,0.2593235768028536
129,tx_id_0,1220,0.05747829479123838
107,tx_id_0,1230,0.05746820465195973
122,tx_id_0,1240,0.001732457467445683
123,tx_id_0,1250,0.010665112880130213
120,tx_id_0,1260,0.010293258420996454
104,tx_id_0,1270,0.10456341352065456
127,tx_id_0,1280,0.028176523617232753
139,tx_id_0,1290,0.03075586874897762
126,tx_id_0,1300,0.003834624274908292
111,tx_id_0,1310,0.5746824374472052
133,tx_id_0,1320,0.03267917766767256
137,tx_id_0,1330,0.1692286311044206
150,tx_id_0,1340,0.27147903366338566
134,tx_id_0,1350,0.42720916695935557
153,tx_id_0,1360,0.012420886164624402
158,tx_id_0,1370,0.012097982324137465
162,tx_id_0,1380,0.7842741783258127
149,tx_id_0,1390,0.3093516608013149
116,tx_id_0,1400,0.6890562892881988
143,tx_id_0,1410,0.018237953817732317
132,tx_id_0,1420,0.02329379098464684
152,tx_id_0,1430,0.010196696207354207
146,tx_id_0,1440,0.14444518618179547
144,tx_id_0,1450,0.005843357165562563
166,tx_id_0,1460,0.08451000720372949
141,tx_id_0,1470,0.022206148345098323
145,tx_id_0,1480,0.03880651736333704
159,tx_id_0,1490,0.10791496656371005
136,tx_id_0,1500,0.260747680415716
157,tx_id_0,1510,0.0028252907080975214
138,tx_id_0,1520,0.31565727473519023
169,tx_id_0,1530,0.5921985238847772
147,tx_id_0,1540,0.08040220876314856
140,tx_id_0,1550,0.28279490707259003
142,tx_id_0,1560,0.01121480501477055
148,tx_id_0,1570,0.009627874236795463
178,tx_id_0,1580,0.09827161006240083
135,tx_id_0,1590,0.9091789545093548
155,tx_id_0,1600,0.012181721462194744
154,tx_id_0,1610,0.8966007640967745
168,tx_id_0,1620,0.5257026614615696
156,tx_id_0,1630,0.007494632258519669
160,tx_id_0,1640,0.4849711655602547
151,tx_id_0,1650,0.10002862508316915
209,tx_id_0,1660,0.04321380588574431
188,tx_id_0,1670,0.06378687156361391
182,tx_id_0,1680,0.5679055226081164
164,tx_id_0,1690,0.006577320786379115
161,tx_id_0,1700,0.06994451208894055
186,tx_id_0,1710,0.6610488378720414
187,tx_id_0,1720,0.4801307097683224
181,tx_id_0,1730,0.01698027100697445
189,tx_id_0,1740,0.09417957880347447
175,tx_id_0,1750,0.7873470912840349
173,tx_id_0,1760,0.12258212596133511
191,tx_id_0,1770,0.02420838198462323
180,tx_id_0,1780,0.014394371673773514
179,tx_id_0,1790,0.013436940247327075
163,tx_id_0,1800,0.009522992547183718
172,tx_id_0,1810,0.2125244704931156
177,tx_id_0,1820,0.13265220910370903
184,tx_id_0,1830,0.0061988620791281505
174,tx_id_0,1840,0.04397538125603706
165,tx_id_0,1850,0.00925735035278758
167,tx_id_0,1860,0.8400606326837013
171,tx_id_0,1870,0.9161311422407598
170,tx_id_0,1880,0.015540070094768871
195,tx_id_1,0,0.013930699114226156
183,tx_id_1,10,0.45647097343234516
198,tx_id_1,20,0.5349487635845211
176,tx_id_1,30,0.8204647643695745
190,tx_id_1,40,0.11840269406843248
199,tx_id_1,50,0.0045397906252128
210,tx_id_1,60,0.010382061524377236
197,tx_id_1,70,0.0042102564013308304
232,tx_id_1,80,0.008132367791664905
192,tx_id_1,90,0.09293673672689336
212,tx_id_1,100,0.003033984516856212
207,tx_id_1,110,0.00812043449369057
215,tx_id_1,120,0.06994302392433557
185,tx_id_1,130,0.01756940662905708
211,tx_id_1,140,0.22485319057223604
208,tx_id_1,150,0.06962085149556597
203,tx_id_1,160,0.051056386874466946
193,tx_id_1,170,0.00923140082822903
222,tx_id_1,180,0.7522008340284999
218,tx_id_1,190,0.0037676832175103383
214,tx_id_1,200,0.054879006162821695
227,tx_id_1,210,0.7873327947124759
205,tx_id_1,220,0.020520395922534324
204,tx_id_1,230,0.01718951072443563
221,tx_id_1,240,0.19970801507560887
219,tx_id_1,250,0.3061761698680518
194,tx_id_1,260,0.24347173050946536
206,tx_id_1,270,0.005885559866766841
202,tx_id_1,280,0.02483343811247536
196,tx_id_1,290,0.012964207836432755
239,tx_id_1,300,0.6007426302376662
200,tx_id_1,310,0.25703593277988707
213,tx_id_1,320,0.0557736948363505
216,tx_id_1,330,0.2615232997329981
217,tx_id_1,340,0.01564397575071483
225,tx_id_1,350,0.09701298077758033
237,tx_id_1,360,0.5196452990589248
241,tx_id_1,370,0.10944619874538752
264,tx_id_1,380,0.0235576988063681
201,tx_id_1,390,0.8092276210445295
226,tx_id_1,400,0.000504620068266347
228,tx_id_1,410,0.00607597447195409
240,tx_id_1,420,0.011670595869448559
229,tx_id_1,430,0.039952957425871134
224,tx_id_1,440,0.5628469282263233
248,tx_id_1,450,0.7290885710037478
257,tx_id_1,460,0.02285144030606324
244,tx_id_1,470,0.004353623737704007
235,tx_id_1,480,0.007141306411948751
223,tx_id_1,490,0.05795597116988718
247,tx_id_1,500,0.4590181849317832
258,tx_id_1,510,0.5762994533457362
233,tx_id_1,520,0.012681197600861996
242,tx_id_1,530,0.07928754893958145
267,tx_id_1,540,0.017976190836772956
234,tx_id_1,550,0.02159465685449076
269,tx_id_1,560,0.012238102968917449
295,tx_id_1,570,0.002449443932336702
220,tx_id_1,580,0.040335857054381814
231,tx_id_1,590,0.0011302275295142024
263,tx_id_1,600,0.0024071679541727725
238,tx_id_1,610,0.02172501166028919
230,tx_id_1,620,0.05602003288983056
255,tx_id_1,630,0.14391296049941704
236,tx_id_1,640,0.08817016589334685
276,tx_id_1,650,0.2398570737811679
265,tx_id_1,660,0.10354872910775303
245,tx_id_1,670,0.39145790772637973
252,tx_id_1,680,0.40581754009732596
253,tx_id_1,690,0.8877253014119386
256,tx_id_1,700,0.013523787539186153
270,tx_id_1,710,0.05537261676940763
249,tx_id_1,720,0.017315706877081588
251,tx_id_1,730,0.011413678072442843
268,tx_id_1,740,0.10913461521715996
260,tx_id_1,750,0.06587382893980762
262,tx_id_1,760,0.06401873474209495
246,tx_id_1,770,0.36353406772626295
259,tx_id_1,780,0.04779312286167944
243,tx_id_1,790,0.2107770464142405
250,tx_id_1,800,0.17460257890335146
254,tx_id_1,810,0.12916889193898026
261,tx_id_1,820,0.3643545248982865
291,tx_id_1,830,0.015411010200961143
277,tx_id_1,840,0.014649896316782821
272,tx_id_1,850,0.5363954588728247
274,tx_id_1,860,0.1006701804831988
281,tx_id_1,870,0.6704648742281938
266,tx_id_1,880,0.05766467277270905
275,tx_id_1,890,0.0893536536613115
278,tx_id_1,900,0.007312659429955522
271,tx_id_1,910,0.01046577723844994
340,tx_id_1,920,0.08887424458901497
285,tx_id_1,930,0.034261296016230895
310,tx_id_1,940,0.027006333020252113
292,tx_id_1,950,0.002556228201811563
273,tx_id_1,960,0.44430873580918134
287,tx_id_1,970,0.07310144861535477
284,tx_id_1,980,0.023730564752922907
280,tx_id_1,990,0.5720453506490102
296,tx_id_1,1000,0.0649879263041363
282,tx_id_1,1010,0.7016763174874862
288,tx_id_1,1020,0.036958275271162855
290,tx_id_1,1030,0.05686816592425634
303,tx_id_1,1040,0.6869200277401032
279,tx_id_1,1050,0.005026338356371091
286,tx_id_1,1060,0.10351987110005928
283,tx_id_1,1070,0.09723082099074454
312,tx_id_1,1080,0.18442075524706072
313,tx_id_1,1090,0.5820005760892226
289,tx_id_1,1100,0.020426196831092886
294,tx_id_1,1110,0.508792388944355
304,tx_id_1,1120,0.2147036018909666
357,tx_id_1,1130,0.04194121251171609
311,tx_id_1,1140,0.13731572838536485
319,tx_id_1,1150,0.02364126360700103
301,tx_id_1,1160,0.33824027381783356
297,tx_id_1,1170,0.6385882198568141
314,tx_id_1,1180,0.026790850404263492
316,tx_id_1,1190,0.48739250808966206
307,tx_id_1,1200,0.015270525395363414
323,tx_id_1,1210,0.23580195881148117
308,tx_id_1,1220,0.05405075402881892
305,tx_id_1,1230,0.0965385118839436
309,tx_id_1,1240,0.0026939363856072276
318,tx_id_1,1250,0.018271147529572526
306,tx_id_1,1260,0.0038708526827035236
293,tx_id_1,1270,0.12881446642457572
321,tx_id_1,1280,0.03129841328543545
317,tx_id_1,1290,0.028364930647081572
315,tx_id_1,1300,0.00582848217386035
299,tx_id_1,1310,0.25642805202961566
300,tx_id_1,1320,0.005418130368867967
330,tx_id_1,1330,0.14580206346258115
336,tx_id_1,1340,0.17369086743437656
322,tx_id_1,1350,0.5243375796654655
298,tx_id_1,1360,0.003849567703331812
356,tx_id_1,1370,0.012245045750566301
378,tx_id_1,1380,0.847862585696618
370,tx_id_1,1390,0.7704350270478587
302,tx_id_1,1400,0.7292761400253521
335,tx_id_1,1410,0.021990091647304418
324,tx_id_1,1420,0.024172459592453392
332,tx_id_1,1430,0.00837375675356479
337,tx_id_1,1440,0.16031588840874272
343,tx_id_1,1450,0.005384807309298081
331,tx_id_1,1460,0.29304047716400167
338,tx_id_1,1470,0.01700323342324227
325,tx_id_1,1480,0.028229089972637025
334,tx_id_1,1490,0.05765962412616139
320,tx_id_1,1500,0.10773435915480606
345,tx_id_1,1510,0.0034947706278890714
333,tx_id_1,1520,0.5734366504959926
344,tx_id_1,1530,0.6805594387436766
349,tx_id_1,1540,0.06923706039950885
339,tx_id_1,1550,0.3720994465878701
326,tx_id_1,1560,0.008357022090292604
328,tx_id_1,1570,0.0016616357142928675
341,tx_id_1,1580,0.1707347185381406
327,tx_id_1,1590,0.821863385189782
352,tx_id_1,1600,0.03649239575767477
354,tx_id_1,1610,0.9292854128026202
342,tx_id_1,1620,0.6682399000859023
369,tx_id_1,1630,0.014232315821244342
373,tx_id_1,1640,0.6174166580955808
362,tx_id_1,1650,0.08687154854170294
374,tx_id_1,1660,0.030268096104376863
329,tx_id_1,1670,0.11612367912354846
376,tx_id_1,1680,0.5679055226081164
347,tx_id_1,1690,0.004484730340332294
346,tx_id_1,1700,0.13663563193709444
359,tx_id_1,1710,0.7488120261430852
372,tx_id_1,1720,0.5280110574215114
348,tx_id_1,1730,0.016620596718066573
364,tx_id_1,1740,0.12956758054777334
366,tx_id_1,1750,0.7258436370761367
368,tx_id_1,1760,0.16132452677536505
375,tx_id_1,1770,0.005981413676516643
355,tx_id_1,1780,0.013612317979790654
377,tx_id_1,1790,0.011370216836119766
392,tx_id_1,1800,0.006812941434526766
365,tx_id_1,1810,0.24585060827130772
358,tx_id_1,1820,0.0757013057376545
379,tx_id_1,1830,0.0069006996428338605
361,tx_id_1,1840,0.0681227371193316
351,tx_id_1,1850,0.007749021045116087
350,tx_id_1,1860,0.8907227977940224
353,tx_id_1,1870,0.8694081025429636
360,tx_id_1,1880,0.015242205029554862
406,tx_id_2,0,0.01864040972230395
363,tx_id_2,10,0.9325282782458876
389,tx_id_2,20,0.8279333225358328
367,tx_id_2,30,0.8568435465857991
371,tx_id_2,40,0.1414643704664632
382,tx_id_2,50,0.010954492371532155
390,tx_id_2,60,0.010445209942771668
380,tx_id_2,70,0.0012229957826604828
397,tx_id_2,80,0.005119882217894026
394,tx_id_2,90,0.025866132855322795
396,tx_id_2,100,0.004170108899941845
399,tx_id_2,110,0.0037633422857372505
395,tx_id_2,120,0.1558711461432819
386,tx_id_2,130,0.018236066823264348
400,tx_id_2,140,0.2547015418499515
393,tx_id_2,150,0.17803178558109148
405,tx_id_2,160,0.05532956035814453
391,tx_id_2,170,0.008497019476817655
384,tx_id_2,180,0.7976931379130957
402,tx_id_2,190,0.007738142144335154
383,tx_id_2,200,0.09388946734409323
422,tx_id_2,210,0.8551036105853185
416,tx_id_2,220,0.017130960625069445
410,tx_id_2,230,0.017642171301660313
398,tx_id_2,240,0.5179390824531139
415,tx_id_2,250,0.14907234614508624
412,tx_id_2,260,0.2512705114686593
417,tx_id_2,270,0.025744430491764968
381,tx_id_2,280,0.024763717718770013
388,tx_id_2,290,0.006566860328125971
387,tx_id_2,300,0.6967906315175771
385,tx_id_2,310,0.2159469597227376
411,tx_id_2,320,0.08890905785505145
403,tx_id_2,330,0.5447252070800493
414,tx_id_2,340,0.005454831392384849
430,tx_id_2,350,0.08667412395376586
420,tx_id_2,360,0.8479471329963004
407,tx_id_2,370,0.36195403458322084
435,tx_id_2,380,0.09703754148097024
418,tx_id_2,390,0.4932662325589541
423,tx_id_2,400,0.002137830758348426
408,tx_id_2,410,0.02900475245776961
461,tx_id_2,420,0.012115320451116667
432,tx_id_2,430,0.11438634824711001
401,tx_id_2,440,0.3518505403095155
434,tx_id_2,450,0.7924660986421133
426,tx_id_2,460,0.07378600525047432
404,tx_id_2,470,0.0033653326534941502
425,tx_id_2,480,0.04814653313162686
448,tx_id_2,490,0.2048897917243882
428,tx_id_2,500,0.8951571777041263
449,tx_id_2,510,0.7601631577713762
421,tx_id_2,520,0.0077026840518307675
443,tx_id_2,530,0.10399481872487007
441,tx_id_2,540,0.05631313333523074
427,tx_id_2,550,0.01299861271443768
409,tx_id_2,560,0.009138022325547522
450,tx_id_2,570,0.0028420197317143197
442,tx_id_2,580,0.08734327118699536
413,tx_id_2,590,0.0032038600417617076
445,tx_id_2,600,0.005878380549990206
429,tx_id_2,610,0.12191585996976646
447,tx_id_2,620,0.039363940058462325
444,tx_id_2,630,0.10961291739573756
419,tx_id_2,640,0.11325975621434071
437,tx_id_2,650,0.23736254743913107
424,tx_id_2,660,0.13030879898565356
456,tx_id_2,670,0.8079959580764428
440,tx_id_2,680,0.39960328347268986
452,tx_id_2,690,0.8754252175356034
460,tx_id_2,700,0.027378644419690606
431,tx_id_2,710,0.06275195277355687
462,tx_id_2,720,0.01769969857986632
455,tx_id_2,730,0.020511584189505036
433,tx_id_2,740,0.34460506569665494
459,tx_id_2,750,0.05685778427812387
454,tx_id_2,760,0.08542539771356034
436,tx_id_2,770,0.25552452096793116
438,tx_id_2,780,0.03770119717686828
439,tx_id_2,790,0.44915674471922784
451,tx_id_2,800,0.2868685994602297
453,tx_id_2,810,0.03479084144922554
446,tx_id_2,820,0.34767598245804054
457,tx_id_2,830,0.014976337266807799
468,tx_id_2,840,0.0026658634717175917
465,tx_id_2,850,0.5286695109104091
472,tx_id_2,860,0.12021423433377525
480,tx_id_2,870,0.45669292403040496
470,tx_id_2,880,0.11270919198886235
463,tx_id_2,890,0.15681219866661403
466,tx_id_2,900,0.015355593835890203
467,tx_id_2,910,0.009016388823583842
477,tx_id_2,920,0.27826955130309794
488,tx_id_2,930,0.2506655702372722
485,tx_id_2,940,0.08484192468425507
502,tx_id_2,950,0.004627598871000358
479,tx_id_2,960,0.44023409894383797
476,tx_id_2,970,0.055685098928266126
464,tx_id_2,980,0.018810251460382846
471,tx_id_2,990,0.5879530538242755
481,tx_id_2,1000,0.19875633735662707
482,tx_id_2,1010,0.8693578815234962
475,tx_id_2,1020,0.11012130397100182
484,tx_id_2,1030,0.10949430164574962
469,tx_id_2,1040,0.34575206191357793
458,tx_id_2,1050,0.00713733371406577
512,tx_id_2,1060,0.17349838001417037
510,tx_id_2,1070,0.09545427841726581
474,tx_id_2,1080,0.29884477809079163
492,tx_id_2,1090,0.641753372290306
490,tx_id_2,1100,0.009514890415143881
478,tx_id_2,1110,0.8047938766346729
491,tx_id_2,1120,0.20211738374281651
503,tx_id_2,1130,0.049100307631469026
473,tx_id_2,1140,0.22136076976443755
489,tx_id_2,1150,0.04543686084829004
486,tx_id_2,1160,0.3520003555047454
483,tx_id_2,1170,0.556309586095313
509,tx_id_2,1180,0.0848448849148139
500,tx_id_2,1190,0.7117413553257369
508,tx_id_2,1200,0.004852873618684661
487,tx_id_2,1210,0.37795897940859374
505,tx_id_2,1220,0.07575936500231868
496,tx_id_2,1230,0.1232966975354172
501,tx_id_2,1240,0.002569077205551511
498,tx_id_2,1250,0.014911380801402674
540,tx_id_2,1260,0.018803383385210645
494,tx_id_2,1270,0.19097699912476376
530,tx_id_2,1280,0.05936014579344081
506,tx_id_2,1290,0.05302852992001124
499,tx_id_2,1300,0.00926923944927828
495,tx_id_2,1310,0.15493356097016667
507,tx_id_2,1320,0.0061056516504553295
519,tx_id_2,1330,0.30558478277404283
504,tx_id_2,1340,0.9080637245993257
514,tx_id_2,1350,0.45941958851292003
563,tx_id_2,1360,0.0182167662625554
529,tx_id_2,1370,0.013699187111940965
534,tx_id_2,1380,0.7882388521177532
516,tx_id_2,1390,0.5433259989244572
493,tx_id_2,1400,0.4220414934394794
517,tx_id_2,1410,0.02513376497032532
521,tx_id_2,1420,0.02794167757252567
511,tx_id_2,1430,0.005028109822661675
497,tx_id_2,1440,0.07869468618625722
549,tx_id_2,1450,0.005507231451658399
526,tx_id_2,1460,0.42719817140503086
546,tx_id_2,1470,0.02269961648109991
551,tx_id_2,1480,0.03271598045272575
535,tx_id_2,1490,0.09376998728316305
523,tx_id_2,1500,0.2088740496167017
548,tx_id_2,1510,0.0028594841098764016
531,tx_id_2,1520,0.7243809653353034
518,tx_id_2,1530,0.33648570159365765
513,tx_id_2,1540,0.027666992231050187
536,tx_id_2,1550,0.77813712241626
522,tx_id_2,1560,0.01891725185211422
532,tx_id_2,1570,0.005978234942941015
533,tx_id_2,1580,0.06336460235744991
524,tx_id_2,1590,0.9031280135312644
515,tx_id_2,1600,0.010648581885616805
528,tx_id_2,1610,0.9388764794008853
525,tx_id_2,1620,0.8478952631876326
544,tx_id_2,1630,0.014295487699236633
567,tx_id_2,1640,0.3551320154423607
542,tx_id_2,1650,0.1257820283354413
520,tx_id_2,1660,0.03520241640614688
562,tx_id_2,1670,0.05528140883946287
541,tx_id_2,1680,0.4116107386168574
547,tx_id_2,1690,0.0075211047486879205
527,tx_id_2,1700,0.1350632718140842
566,tx_id_2,1710,0.8637303982568451
565,tx_id_2,1720,0.47324177023532776
538,tx_id_2,1730,0.009713897291337249
537,tx_id_2,1740,0.06224289900959515
560,tx_id_2,1750,0.6461681986781637
559,tx_id_2,1760,0.06376005183576502
561,tx_id_2,1770,0.008801595409022369
539,tx_id_2,1780,0.01108605021462157
572,tx_id_2,1790,0.023447139521475653
545,tx_id_2,1800,0.010592507317658829
552,tx_id_2,1810,0.05834967100846799
557,tx_id_2,1820,0.12612180848996016
553,tx_id_2,1830,0.009384164632019031
558,tx_id_2,1840,0.04100803461478028
556,tx_id_2,1850,0.008501259191465313
550,tx_id_2,1860,0.848985339297707
543,tx_id_2,1870,0.8551122289757113
555,tx_id_2,1880,0.021067621026660748
598,tx_id_3,0,0.01987614300452208
564,tx_id_3,10,0.9397592683077993
573,tx_id_3,20,0.8507393964728367
554,tx_id_3,30,0.8910968996794286
569,tx_id_3,40,0.16163163289468974
585,tx_id_3,50,0.006579395270307903
577,tx_id_3,60,0.009879245644328238
568,tx_id_3,70,0.0012636640176234835
583,tx_id_3,80,0.007275062279462565
571,tx_id_3,90,0.039173128399598425
579,tx_id_3,100,0.0026245458544896967
588,tx_id_3,110,0.0037671165017597423
580,tx_id_3,120,0.16395937956007234
570,tx_id_3,130,0.018376693870932746
593,tx_id_3,140,0.29557098006142674
582,tx_id_3,150,0.20191516489348044
590,tx_id_3,160,0.06255534047099007
581,tx_id_3,170,0.007770706314821386
591,tx_id_3,180,0.8367177580935368
597,tx_id_3,190,0.011821719832961363
587,tx_id_3,200,0.08872560077109753
576,tx_id_3,210,0.8521354642559237
578,tx_id_3,220,0.019664614694026132
594,tx_id_3,230,0.017642171301660313
586,tx_id_3,240,0.512766585475035
600,tx_id_3,250,0.17840225391779888
596,tx_id_3,260,0.09757181480321445
609,tx_id_3,270,0.037496956290930104
574,tx_id_3,280,0.02008660873576226
595,tx_id_3,290,0.008828863467844754
592,tx_id_3,300,0.8524938331893749
575,tx_id_3,310,0.3183048509403039
589,tx_id_3,320,0.07115279774647185
584,tx_id_3,330,0.48992406461724775
610,tx_id_3,340,0.004092394720380385
616,tx_id_3,350,0.07802412366104329
604,tx_id_3,360,0.8892420380885601
606,tx_id_3,370,0.4424881058600694
635,tx_id_3,380,0.0381048912561117
603,tx_id_3,390,0.530118516893197
621,tx_id_3,400,0.001457993685561353
613,tx_id_3,410,0.011968686682243558
599,tx_id_3,420,0.008116024695498795
620,tx_id_3,430,0.045066852338315734
628,tx_id_3,440,0.7417327259176663
605,tx_id_3,450,0.7918138808217293
608,tx_id_3,460,0.04591748081112161
630,tx_id_3,470,0.007610621317705909
645,tx_id_3,480,0.06734630919341753
612,tx_id_3,490,0.1447412254827462
615,tx_id_3,500,0.8018047880356854
602,tx_id_3,510,0.7775185389022271
614,tx_id_3,520,0.006932446280590666
619,tx_id_3,530,0.16125825964004484
617,tx_id_3,540,0.03390788318683804
607,tx_id_3,550,0.012313851155040636
622,tx_id_3,560,0.02313444131749055
641,tx_id_3,570,0.004753215390375958
631,tx_id_3,580,0.1003737110796537
601,tx_id_3,590,0.00242476432869965
611,tx_id_3,600,0.005285005005920209
618,tx_id_3,610,0.11726482734652918
625,tx_id_3,620,0.049550234418619825
637,tx_id_3,630,0.13270011522657207
624,tx_id_3,640,0.06762512067344975
629,tx_id_3,650,0.18042593842473903
656,tx_id_3,660,0.09676152138525862
663,tx_id_3,670,0.5176480986663392
640,tx_id_3,680,0.1896518766301933
642,tx_id_3,690,0.9219231058874591
627,tx_id_3,700,0.05729383547471045
646,tx_id_3,710,0.06476824983241117
644,tx_id_3,720,0.01535352939080149
626,tx_id_3,730,0.01073302992305038
653,tx_id_3,740,0.35822712848578386
649,tx_id_3,750,0.10419684610260357
647,tx_id_3,760,0.13261352764432718
643,tx_id_3,770,0.43173989646898037
623,tx_id_3,780,0.010891050580152013
634,tx_id_3,790,0.7811889136757599
639,tx_id_3,800,0.3088215665031368
650,tx_id_3,810,0.03180669191428336
633,tx_id_3,820,0.5272286902750909
678,tx_id_3,830,0.018198499621094797
662,tx_id_3,840,0.002751515091783646
638,tx_id_3,850,0.34195202605343683
632,tx_id_3,860,0.039089804228122624
648,tx_id_3,870,0.5529238003734096
680,tx_id_3,880,0.09076520723814595
665,tx_id_3,890,0.20066459714162593
651,tx_id_3,900,0.013495542871991435
658,tx_id_3,910,0.0025488936693812414
636,tx_id_3,920,0.3243930704127903
675,tx_id_3,930,0.09853319687971664
668,tx_id_3,940,0.05647580094209179
661,tx_id_3,950,0.003922863124728412
686,tx_id_3,960,0.40226098719595266
664,tx_id_3,970,0.10419308625502781
657,tx_id_3,980,0.01879036613823895
652,tx_id_3,990,0.2461177850579548
674,tx_id_3,1000,0.22935062308501353
666,tx_id_3,1010,0.9096740117620995
673,tx_id_3,1020,0.0802041927139767
659,tx_id_3,1030,0.10175048825402515
684,tx_id_3,1040,0.4558708917645191
670,tx_id_3,1050,0.006643239263233927
690,tx_id_3,1060,0.09894830905714788
654,tx_id_3,1070,0.07944133433842679
655,tx_id_3,1080,0.2223210621208814
682,tx_id_3,1090,0.621065712989329
699,tx_id_3,1100,0.021628937585772532
708,tx_id_3,1110,0.8044356517071861
692,tx_id_3,1120,0.16708000079876523
676,tx_id_3,1130,0.0416083594559843
660,tx_id_3,1140,0.1761833025410777
681,tx_id_3,1150,0.06218155128399477
677,tx_id_3,1160,0.30307208154776105
671,tx_id_3,1170,0.5728009169353092
695,tx_id_3,1180,0.051880509809267755
669,tx_id_3,1190,0.7133742435414818
667,tx_id_3,1200,0.003664375347021666
701,tx_id_3,1210,0.1362707585119865
689,tx_id_3,1220,0.043598886140541325
696,tx_id_3,1230,0.21260885389852915
691,tx_id_3,1240,0.0036013301538798965
700,tx_id_3,1250,0.00807793252735882
697,tx_id_3,1260,0.04101983660068537
694,tx_id_3,1270,0.17837902143026863
683,tx_id_3,1280,0.07782871558562514
698,tx_id_3,1290,0.0642018006134481
679,tx_id_3,1300,0.007339290112957176
688,tx_id_3,1310,0.6105865709123557
672,tx_id_3,1320,0.0044384163840961305
713,tx_id_3,1330,0.23174198020333125
687,tx_id_3,1340,0.7676681136393121
728,tx_id_3,1350,0.6242531101052373
721,tx_id_3,1360,0.024474386466536102
693,tx_id_3,1370,0.006093876655284179
703,tx_id_3,1380,0.7324629843039581
712,tx_id_3,1390,0.7862328419267942
685,tx_id_3,1400,0.7187533573806633
706,tx_id_3,1410,0.05884898816023739
715,tx_id_3,1420,0.02625883956505557
704,tx_id_3,1430,0.0038957867811042234
709,tx_id_3,1440,0.46028822843832307
702,tx_id_3,1450,0.001970503748481088
735,tx_id_3,1460,0.3645718982576644
753,tx_id_3,1470,0.01459039211038875
711,tx_id_3,1480,0.045092771833588306
734,tx_id_3,1490,0.07471010144710939
729,tx_id_3,1500,0.14336321965767906
739,tx_id_3,1510,0.003461755861545707
716,tx_id_3,1520,0.7617167533366076
707,tx_id_3,1530,0.5334379960350224
722,tx_id_3,1540,0.15913923475696576
727,tx_id_3,1550,0.5370955000610416
705,tx_id_3,1560,0.052590862832753424
718,tx_id_3,1570,0.0033222164496756164
720,tx_id_3,1580,0.05148481354391142
710,tx_id_3,1590,0.9122551690051829
714,tx_id_3,1600,0.02436140842868386
717,tx_id_3,1610,0.9064382922292772
737,tx_id_3,1620,0.8263932203106205
736,tx_id_3,1630,0.02490716687358564
719,tx_id_3,1640,0.34379590114388797
747,tx_id_3,1650,0.1030283098271259
723,tx_id_3,1660,0.01559341188651108
733,tx_id_3,1670,0.10990779617490154
741,tx_id_3,1680,0.4872389961030737
730,tx_id_3,1690,0.0018284242873989962
725,tx_id_3,1700,0.054081454938038634
724,tx_id_3,1710,0.8033752277442938
749,tx_id_3,1720,0.5331638522579886
757,tx_id_3,1730,0.01842517316745457
742,tx_id_3,1740,0.21231637974055453
740,tx_id_3,1750,0.566868600395968
743,tx_id_3,1760,0.07895196603874853
751,tx_id_3,1770,0.0026025138477081882
745,tx_id_3,1780,0.01351917256576673
744,tx_id_3,1790,0.04548330197926963
726,tx_id_3,1800,0.006559407221048614
731,tx_id_3,1810,0.17123539008218844
754,tx_id_3,1820,0.15125116447839887
755,tx_id_3,1830,0.006787523619196947
738,tx_id_3,1840,0.07212517107965637
748,tx_id_3,1850,0.005485264433746104
750,tx_id_3,1860,0.5313395057197189
732,tx_id_3,1870,0.6171758331090333
752,tx_id_3,1880,0.040702983389947454
790,tx_id_4,0,0.021483091386451925
761,tx_id_4,10,0.78674356710732
766,tx_id_4,20,0.6217141103029628
746,tx_id_4,30,0.8739385125036117
760,tx_id_4,40,0.24519156874716827
770,tx_id_4,50,0.01193476505342979
768,tx_id_4,60,0.007869256743009003
758,tx_id_4,70,0.0010882540344773995
789,tx_id_4,80,0.025941191303290506
782,tx_id_4,90,0.06058166351541854
788,tx_id_4,100,0.0032021453631013116
792,tx_id_4,110,0.006231067425436668
765,tx_id_4,120,0.2746513724955828
764,tx_id_4,130,0.015962416838803443
773,tx_id_4,140,0.15889223426464832
780,tx_id_4,150,0.1710321138494484
772,tx_id_4,160,0.07413345747485874
769,tx_id_4,170,0.008804082952495842
779,tx_id_4,180,0.6779430466627038
767,tx_id_4,190,0.011631298972077972
759,tx_id_4,200,0.04376267883137739
781,tx_id_4,210,0.7416377911778578
778,tx_id_4,220,0.020799317677120448
802,tx_id_4,230,0.022163199514155307
756,tx_id_4,240,0.20538883207267297
771,tx_id_4,250,0.11323002900732028
762,tx_id_4,260,0.17759498345573593
786,tx_id_4,270,0.10322218890335486
776,tx_id_4,280,0.032955921387649904
784,tx_id_4,290,0.008649919409276221
775,tx_id_4,300,0.8092517240612697
787,tx_id_4,310,0.17120792579109553
791,tx_id_4,320,0.055133851701463996
763,tx_id_4,330,0.27180674802416366
847,tx_id_4,340,0.005509166565707097
797,tx_id_4,350,0.022192193892352236
793,tx_id_4,360,0.6773734555566406
783,tx_id_4,370,0.2881119512330526
804,tx_id_4,380,0.061095566857176056
785,tx_id_4,390,0.5329768573903444
798,tx_id_4,400,0.002486987094403136
774,tx_id_4,410,0.004521564203025568
796,tx_id_4,420,0.01149171416517198
801,tx_id_4,430,0.11728821986128801
828,tx_id_4,440,0.6772740052030113
849,tx_id_4,450,0.8667619940808756
777,tx_id_4,460,0.0753842462246918
810,tx_id_4,470,0.004535749373498405
820,tx_id_4,480,0.19121661831768413
806,tx_id_4,490,0.11471383717593368
808,tx_id_4,500,0.9084323499227785
807,tx_id_4,510,0.5648430603109966
795,tx_id_4,520,0.008801238852373664
803,tx_id_4,530,0.1634600657733129
817,tx_id_4,540,0.026089134106597158
794,tx_id_4,550,0.009511079971589774
827,tx_id_4,560,0.03182234674744181
811,tx_id_4,570,0.011160004953821571
837,tx_id_4,580,0.09060558044103284
800,tx_id_4,590,0.0017765390485595248
823,tx_id_4,600,0.00559264409911744
799,tx_id_4,610,0.12281542134924596
815,tx_id_4,620,0.025036798531647093
819,tx_id_4,630,0.11455716733060703
825,tx_id_4,640,0.04538109680089649
821,tx_id_4,650,0.2150063721115477
818,tx_id_4,660,0.009921585744768147
805,tx_id_4,670,0.5358510120148321
813,tx_id_4,680,0.14307563690176678
824,tx_id_4,690,0.8682908418292659
832,tx_id_4,700,0.031218213276797874
809,tx_id_4,710,0.07674279780054294
829,tx_id_4,720,0.040664195207254235
830,tx_id_4,730,0.012003147517584167
814,tx_id_4,740,0.2528544064193827
833,tx_id_4,750,0.046943995876047834
835,tx_id_4,760,0.1032049288045741
826,tx_id_4,770,0.33368328623349275
838,tx_id_4,780,0.026596886187288976
816,tx_id_4,790,0.6612331840051491
839,tx_id_4,800,0.3642506945214125
846,tx_id_4,810,0.06840092163597226
812,tx_id_4,820,0.0604133275989113
844,tx_id_4,830,0.004742437461567456
858,tx_id_4,840,0.004286432094071362
822,tx_id_4,850,0.28736702793956465
864,tx_id_4,860,0.04091759537698083
845,tx_id_4,870,0.29898987414382705
852,tx_id_4,880,0.07972782276055802
859,tx_id_4,890,0.11298296750018313
851,tx_id_4,900,0.010700086234587009
840,tx_id_4,910,0.010150555105750967
850,tx_id_4,920,0.3458418108945532
834,tx_id_4,930,0.31249697227482226
874,tx_id_4,940,0.09066498571666014
855,tx_id_4,950,0.003072162815970232
836,tx_id_4,960,0.42843358624940553
866,tx_id_4,970,0.07888963466286233
831,tx_id_4,980,0.007638366791109587
857,tx_id_4,990,0.26918674470244974
868,tx_id_4,1000,0.14924531361799093
841,tx_id_4,1010,0.45658766776425985
854,tx_id_4,1020,0.07944265698776636
856,tx_id_4,1030,0.30106978399027956
886,tx_id_4,1040,0.06857694066668815
872,tx_id_4,1050,0.011726658265697175
843,tx_id_4,1060,0.020697822286289986
853,tx_id_4,1070,0.0759200055186577
848,tx_id_4,1080,0.17352298103408254
867,tx_id_4,1090,0.2990516201666994
871,tx_id_4,1100,0.02054258583897762
842,tx_id_4,1110,0.7087742089185917
862,tx_id_4,1120,0.16341119868634252
870,tx_id_4,1130,0.0330164047572897
882,tx_id_4,1140,0.19917903829968087
880,tx_id_4,1150,0.06744010214677477
865,tx_id_4,1160,0.17902214332265462
876,tx_id_4,1170,0.21277828803531293
875,tx_id_4,1180,0.05501418045741933
873,tx_id_4,1190,0.5721651439832545
889,tx_id_4,1200,0.005181094797982764
884,tx_id_4,1210,0.2060955222613943
881,tx_id_4,1220,0.0404949784034922
885,tx_id_4,1230,0.12128715423245164
860,tx_id_4,1240,0.003394694692907512
869,tx_id_4,1250,0.008110367511821261
877,tx_id_4,1260,0.009220736666211435
888,tx_id_4,1270,0.19667105385848424
887,tx_id_4,1280,0.03909635561831251
861,tx_id_4,1290,0.030237929396959122
879,tx_id_4,1300,0.007468637486643491
863,tx_id_4,1310,0.23758893858262434
883,tx_id_4,1320,0.004687093596094472
890,tx_id_4,1330,0.0820375532704977
912,tx_id_4,1340,0.7790256428061095
911,tx_id_4,1350,0.30919381572250465
934,tx_id_4,1360,0.014951216134516445
893,tx_id_4,1370,0.00968437054566243
905,tx_id_4,1380,0.7558513506190246
901,tx_id_4,1390,0.8007903258257687
878,tx_id_4,1400,0.678868742222155
891,tx_id_4,1410,0.053330985935546985
939,tx_id_4,1420,0.01922177702300882
948,tx_id_4,1430,0.006052532249557564
907,tx_id_4,1440,0.2829171680343851
918,tx_id_4,1450,0.003456960683003758
914,tx_id_4,1460,0.14070400031769414
949,tx_id_4,1470,0.014756740031758883
968,tx_id_4,1480,0.03246382153344099
894,tx_id_4,1490,0.036520761386241773
903,tx_id_4,1500,0.15388093323529145
927,tx_id_4,1510,0.004981036040787222
916,tx_id_4,1520,0.4007380892770041
895,tx_id_4,1530,0.17107232019168725
906,tx_id_4,1540,0.39268392003948094
897,tx_id_4,1550,0.173255890294405
892,tx_id_4,1560,0.029326268387177872
896,tx_id_4,1570,0.0023039232282457854
921,tx_id_4,1580,0.07053409148367937
898,tx_id_4,1590,0.4134404158855771
899,tx_id_4,1600,0.013599035624199679
900,tx_id_4,1610,0.46847679875008696
902,tx_id_4,1620,0.772902367447398
909,tx_id_4,1630,0.033561070471471735
941,tx_id_4,1640,0.22423716396550875
935,tx_id_4,1650,0.2099358040340607
930,tx_id_4,1660,0.019405437988526068
945,tx_id_4,1670,0.14337375057723542
922,tx_id_4,1680,0.4035065201569343
904,tx_id_4,1690,0.0023651196445054466
924,tx_id_4,1700,0.0478365444838706
908,tx_id_4,1710,0.4753894773895118
929,tx_id_4,1720,0.5171790091431416
925,tx_id_4,1730,0.016710098065399352
938,tx_id_4,1740,0.11769815644984516
942,tx_id_4,1750,0.5834629225764529
950,tx_id_4,1760,0.06559699085701164
910,tx_id_4,1770,0.004522237722780521
915,tx_id_4,1780,0.030985461856970226
920,tx_id_4,1790,0.017956280053487806
931,tx_id_4,1800,0.013615893573707292
932,tx_id_4,1810,0.03501475975068447
913,tx_id_4,1820,0.030714609381454965
917,tx_id_4,1830,0.0034511143148137293
919,tx_id_4,1840,0.04344373531452119
928,tx_id_4,1850,0.0047153815892784995
926,tx_id_4,1860,0.19875724680199133
923,tx_id_4,1870,0.519760934165856
937,tx_id_4,1880,0.03161992014302974
947,tx_id_5,0,0.02006032027440445
976,tx_id_5,10,0.5471214134096755
959,tx_id_5,20,0.7042813543052336
970,tx_id_5,30,0.6234646926769921
953,tx_id_5,40,0.15057615800430277
956,tx_id_5,50,0.004804541702897605
936,tx_id_5,60,0.004673967763960724
963,tx_id_5,70,0.0019231504318770198
964,tx_id_5,80,0.008219783800841606
933,tx_id_5,90,0.07514010678244848
952,tx_id_5,100,0.0035884853786225146
946,tx_id_5,110,0.0037716842212988594
967,tx_id_5,120,0.21033353830457513
966,tx_id_5,130,0.010314409027973506
961,tx_id_5,140,0.12479646504234425
957,tx_id_5,150,0.09265336540897925
958,tx_id_5,160,0.027167392662364967
944,tx_id_5,170,0.010317432598271507
969,tx_id_5,180,0.6056723932657835
951,tx_id_5,190,0.007653180856443115
943,tx_id_5,200,0.02000396391428253
960,tx_id_5,210,0.464742887476434
986,tx_id_5,220,0.03850414623870302
980,tx_id_5,230,0.24084348693178811
940,tx_id_5,240,0.03887026533629456
962,tx_id_5,250,0.0510856446870104
978,tx_id_5,260,0.028318248150834467
972,tx_id_5,270,0.018116442940171867
1027,tx_id_5,280,0.028716244481729408
955,tx_id_5,290,0.009230436343069194
971,tx_id_5,300,0.3290357254365508
995,tx_id_5,310,0.07051289633511534
979,tx_id_5,320,0.1041061711975592
954,tx_id_5,330,0.19662482541263307
965,tx_id_5,340,0.0017354543798876296
981,tx_id_5,350,0.016295249847152565
988,tx_id_5,360,0.43704291281111024
977,tx_id_5,370,0.4149616131006667
1008,tx_id_5,380,0.02076758193434437
984,tx_id_5,390,0.37975008955804385
1001,tx_id_5,400,0.0017156310400819085
982,tx_id_5,410,0.010506914620829432
973,tx_id_5,420,0.015934520239968393
1000,tx_id_5,430,0.2693749129519156
974,tx_id_5,440,0.2335181290439376
989,tx_id_5,450,0.27324046162578136
1005,tx_id_5,460,0.02420009534357915
999,tx_id_5,470,0.0021551008529145836
994,tx_id_5,480,0.012506612445446496
998,tx_id_5,490,0.03641778258169506
996,tx_id_5,500,0.3702790629192241
991,tx_id_5,510,0.40678566490965357
990,tx_id_5,520,0.007950981297014168
993,tx_id_5,530,0.05147411247181225
1004,tx_id_5,540,0.010651145270702015
1012,tx_id_5,550,0.010427597606661199
997,tx_id_5,560,0.028327301884122493
1014,tx_id_5,570,0.02155789408510095
975,tx_id_5,580,0.028683187684741162
992,tx_id_5,590,0.0022356584435443893
1010,tx_id_5,600,0.0038193848856155643
987,tx_id_5,610,0.05579826895442171
983,tx_id_5,620,0.02555928279434446
985,tx_id_5,630,0.026942677180772836
1023,tx_id_5,640,0.020308312930417773
1007,tx_id_5,650,0.10672759554094369
1006,tx_id_5,660,0.008441743372501908
1018,tx_id_5,670,0.30332632339305127
1016,tx_id_5,680,0.04059131755349294
1017,tx_id_5,690,0.5581956869747922
1002,tx_id_5,700,0.007603513643745785
1029,tx_id_5,710,0.06646285591165565
1042,tx_id_5,720,0.022393235625460455
1033,tx_id_5,730,0.011059769529644332
1011,tx_id_5,740,0.11561479305792087
1003,tx_id_5,750,0.08541574395697028
1015,tx_id_5,760,0.10738769198921279
1021,tx_id_5,770,0.42523416285072463
1020,tx_id_5,780,0.020396761680537247
1019,tx_id_5,790,0.39190489593374045
1031,tx_id_5,800,0.1122243462033855
1025,tx_id_5,810,0.01571770621526926
1034,tx_id_5,820,0.18845909400443844
1067,tx_id_5,830,0.0039555301509322655
1045,tx_id_5,840,0.0022992099555576863
1024,tx_id_5,850,0.2105577343480124
1046,tx_id_5,860,0.07348756292232386
1036,tx_id_5,870,0.2634619775555477
1037,tx_id_5,880,0.029351792563187918
1009,tx_id_5,890,0.031222024755252244
1032,tx_id_5,900,0.005889480234216798
1044,tx_id_5,910,0.0025216174915328442
1028,tx_id_5,920,0.35774923507664536
1052,tx_id_5,930,0.0437433505726976
1051,tx_id_5,940,0.14783589171182454
1030,tx_id_5,950,0.006992120991127141
1035,tx_id_5,960,0.3450395137490012
1039,tx_id_5,970,0.10064415374390767
1013,tx_id_5,980,0.003970671174905149
1083,tx_id_5,990,0.09212319029423767
1048,tx_id_5,1000,0.10965612328462418
1026,tx_id_5,1010,0.31592244035507994
1041,tx_id_5,1020,0.06014099334111218
1047,tx_id_5,1030,0.21819214874370416
1022,tx_id_5,1040,0.02425733765685021
1040,tx_id_5,1050,0.012074488070361853
1061,tx_id_5,1060,0.008219370668043966
1060,tx_id_5,1070,0.07506355429229926
1049,tx_id_5,1080,0.11350371948969318
1065,tx_id_5,1090,0.5291491623560044
1076,tx_id_5,1100,0.009922572013407434
1056,tx_id_5,1110,0.21474643659736148
1069,tx_id_5,1120,0.10443972384549556
1059,tx_id_5,1130,0.03026054030243778
1038,tx_id_5,1140,0.028378611361079855
1053,tx_id_5,1150,0.06807032524026328
1043,tx_id_5,1160,0.07612061542510745
1066,tx_id_5,1170,0.13477546723167502
1050,tx_id_5,1180,0.04758030843769035
1063,tx_id_5,1190,0.3176850656891414
1073,tx_id_5,1200,0.005401923109733502
1081,tx_id_5,1210,0.14248999286023117
1077,tx_id_5,1220,0.02873739766096173
1062,tx_id_5,1230,0.05469198929803547
1075,tx_id_5,1240,0.0029612125597293275
1072,tx_id_5,1250,0.011284795894902302
1064,tx_id_5,1260,0.013727230743385055
1086,tx_id_5,1270,0.12240670474044506
1055,tx_id_5,1280,0.043227784599826305
1057,tx_id_5,1290,0.14944613180948432
1058,tx_id_5,1300,0.0028405847368016216
1054,tx_id_5,1310,0.2166303631658783
1087,tx_id_5,1320,0.030046266981345018
1082,tx_id_5,1330,0.18813405482131562
1088,tx_id_5,1340,0.3257882493212718
1071,tx_id_5,1350,0.1813942403252739
1079,tx_id_5,1360,0.01450329067478228
1115,tx_id_5,1370,0.008227516214624206
1068,tx_id_5,1380,0.40123545473065436
1074,tx_id_5,1390,0.48593149087608783
1070,tx_id_5,1400,0.8204912491892309
1094,tx_id_5,1410,0.03855392577196986
1078,tx_id_5,1420,0.013325273514981195
1114,tx_id_5,1430,0.008123828881405249
1085,tx_id_5,1440,0.1280073162394676
1095,tx_id_5,1450,0.0029780788732289647
1089,tx_id_5,1460,0.27949138263778217
1108,tx_id_5,1470,0.0689184111524593
1080,tx_id_5,1480,0.028678035650440324
1099,tx_id_5,1490,0.012739457869055108
1096,tx_id_5,1500,0.07993208856998738
1107,tx_id_5,1510,0.0046271842870800875
1101,tx_id_5,1520,0.537805066692587
1093,tx_id_5,1530,0.10121975094145184
1098,tx_id_5,1540,0.10939255365279181
1100,tx_id_5,1550,0.2742227977488001
1084,tx_id_5,1560,0.049359853271917956
1113,tx_id_5,1570,0.004079183393796532
1106,tx_id_5,1580,0.03427143539961618
1090,tx_id_5,1590,0.4523409843102405
1122,tx_id_5,1600,0.014209556510114324
1097,tx_id_5,1610,0.22820998261317377
1105,tx_id_5,1620,0.6935445523578662
1125,tx_id_5,1630,0.04152830925474644
1091,tx_id_5,1640,0.06267356239089335
1092,tx_id_5,1650,0.08092502816761926
1121,tx_id_5,1660,0.014240556208049471
1130,tx_id_5,1670,0.0526769019063357
1104,tx_id_5,1680,0.14272459131654122
1117,tx_id_5,1690,0.00353674876775548
1119,tx_id_5,1700,0.14386645705600076
1102,tx_id_5,1710,0.5711418198112573
1109,tx_id_5,1720,0.17133135535052843
1124,tx_id_5,1730,0.012065386603102595
1103,tx_id_5,1740,0.03159181639690724
1111,tx_id_5,1750,0.4328200898574735
1110,tx_id_5,1760,0.05877288488207612
1128,tx_id_5,1770,0.010304298179631948
1123,tx_id_5,1780,0.012705417869629565
1126,tx_id_5,1790,0.015341471999837174
1118,tx_id_5,1800,0.0027566595346301464
1136,tx_id_5,1810,0.02101416664753154
1112,tx_id_5,1820,0.020492924121790438
1131,tx_id_5,1830,0.006135282732888954
1127,tx_id_5,1840,0.06556292819638941
1120,tx_id_5,1850,0.010138089735048204
1129,tx_id_5,1860,0.12832353058373228
1116,tx_id_5,1870,0.14910753300681232
1140,tx_id_5,1880,0.03642461279430872
1132,tx_id_6,0,0.006790677405176393
1141,tx_id_6,10,0.05192938672589425
1138,tx_id_6,20,0.06836679902703068
1150,tx_id_6,30,0.136844820106924
1133,tx_id_6,40,0.029325693889625793
1152,tx_id_6,50,0.001864596002446287
1163,tx_id_6,60,0.0020674614224820884
1137,tx_id_6,70,0.000959996858293408
1149,tx_id_6,80,0.005411411302028798
1153,tx_id_6,90,0.016668566555075294
1147,tx_id_6,100,0.0018606705211574948
1144,tx_id_6,110,0.0032841560076531814
1145,tx_id_6,120,0.026531201339411996
1143,tx_id_6,130,0.006845704980416016
1135,tx_id_6,140,0.007049420286761273
1157,tx_id_6,150,0.023096343779511412
1139,tx_id_6,160,0.008142701092647055
1142,tx_id_6,170,0.0030559503051520854
1146,tx_id_6,180,0.0555882437716996
1151,tx_id_6,190,0.00488548401031732
1134,tx_id_6,200,0.009960523167476778
1196,tx_id_6,210,0.09382198740273154
1155,tx_id_6,220,0.01551633758199249
1148,tx_id_6,230,0.17011095862115758
1169,tx_id_6,240,0.16565471077894664
1165,tx_id_6,250,0.03854970910192468
1158,tx_id_6,260,0.014544493996360406
1156,tx_id_6,270,0.00755515679468433
1154,tx_id_6,280,0.018656420756633176
1160,tx_id_6,290,0.0032738223026396855
1159,tx_id_6,300,0.013994397112798419
1162,tx_id_6,310,0.046555661814951986
1161,tx_id_6,320,0.07634379566462769
1193,tx_id_6,330,0.01054227898462829
1176,tx_id_6,340,0.00029286459500159
1177,tx_id_6,350,0.01029651079529629
1172,tx_id_6,360,0.017084246058031806
1164,tx_id_6,370,0.009003991590192812
1179,tx_id_6,380,0.013209013480148446
1174,tx_id_6,390,0.016301900061147425
1175,tx_id_6,400,0.0018806325249615748
1178,tx_id_6,410,0.003624245537095933
1166,tx_id_6,420,0.007824329798336362
1183,tx_id_6,430,0.549356005979526
1170,tx_id_6,440,0.029102114311135373
1188,tx_id_6,450,0.013224053129215036
1167,tx_id_6,460,0.014009677270937626
1219,tx_id_6,470,0.0018217372909903296
1182,tx_id_6,480,0.002229527312227312
1186,tx_id_6,490,0.022099278533286793
1184,tx_id_6,500,0.028695608556318006
1190,tx_id_6,510,0.0364057983769138
1173,tx_id_6,520,0.0022655893883834436
1168,tx_id_6,530,0.013948420022082983
1192,tx_id_6,540,0.0073243004785824035
1181,tx_id_6,550,0.004001730863158922
1211,tx_id_6,560,0.0132942301191241
1191,tx_id_6,570,0.003294964206047083
1194,tx_id_6,580,0.01885157594320023
1180,tx_id_6,590,0.0018842592566339696
1171,tx_id_6,600,0.0022722428281709926
1187,tx_id_6,610,0.04714554510729198
1185,tx_id_6,620,0.020427722302473764
1189,tx_id_6,630,0.10145629884898351
1207,tx_id_6,640,0.010888915819406554
1214,tx_id_6,650,0.06145842173883941
1198,tx_id_6,660,0.011080179658269908
1197,tx_id_6,670,0.024118615072180737
1195,tx_id_6,680,0.01011257962046239
1206,tx_id_6,690,0.009819598490119567
1201,tx_id_6,700,0.004325478979581466
1208,tx_id_6,710,0.011564057033679855
1217,tx_id_6,720,0.011415969723362224
1202,tx_id_6,730,0.002614375746631498
1204,tx_id_6,740,0.022643289488802117
1222,tx_id_6,750,0.03707936578318034
1200,tx_id_6,760,0.01323679475973045
1199,tx_id_6,770,0.3057619429154614
1210,tx_id_6,780,0.008817740654940263
1209,tx_id_6,790,0.01819330790729951
1221,tx_id_6,800,0.04400876162193863
1240,tx_id_6,810,0.008644550750435596
1203,tx_id_6,820,0.04025001983428629
1218,tx_id_6,830,0.00105389638566062
1236,tx_id_6,840,0.0007938473365063746
1216,tx_id_6,850,0.03442578664040799
1212,tx_id_6,860,0.010727602621287805
1205,tx_id_6,870,0.07948893019842082
1213,tx_id_6,880,0.01518429948377308
1215,tx_id_6,890,0.014330290159142887
1234,tx_id_6,900,0.0029428780241638887
1220,tx_id_6,910,0.001494567394993698
1238,tx_id_6,920,0.02243520500300944
1228,tx_id_6,930,0.006103960567846881
1223,tx_id_6,940,0.07285710724893603
1237,tx_id_6,950,0.0055656492536135796
1239,tx_id_6,960,0.12844127080772857
1226,tx_id_6,970,0.01278468011476612
1227,tx_id_6,980,0.010129895752590495
1224,tx_id_6,990,0.01987314123061006
1246,tx_id_6,1000,0.027571871496097793
1230,tx_id_6,1010,0.17595760128658422
1233,tx_id_6,1020,0.024582165910355856
1225,tx_id_6,1030,0.08089351639075582
1229,tx_id_6,1040,0.01088880939909292
1231,tx_id_6,1050,0.004826223626587243
1232,tx_id_6,1060,0.008207997341927313
1235,tx_id_6,1070,0.03267826714904644
1258,tx_id_6,1080,0.14645634210951505
1254,tx_id_6,1090,0.12582263612798522
1255,tx_id_6,1100,0.0012230386134317955
1242,tx_id_6,1110,0.052131035229845454
1249,tx_id_6,1120,0.027122254940258304
1248,tx_id_6,1130,0.01729286100914342
1253,tx_id_6,1140,0.0364557849827586
1243,tx_id_6,1150,0.014966376031010588
1252,tx_id_6,1160,0.009213418904563397
1241,tx_id_6,1170,0.017586201504048778
1245,tx_id_6,1180,0.011855680077967475
1251,tx_id_6,1190,0.08172968046534942
1260,tx_id_6,1200,0.0022713539051939847
1244,tx_id_6,1210,0.030390072061169227
1250,tx_id_6,1220,0.005833107193707189
1247,tx_id_6,1230,0.09552548117117708
1256,tx_id_6,1240,0.002621592229961382
1263,tx_id_6,1250,0.02210501682226037
1257,tx_id_6,1260,0.001797415665074013
1259,tx_id_6,1270,0.010170897599567125
1274,tx_id_6,1280,0.013947837979832947
1261,tx_id_6,1290,0.022083806026294197
1262,tx_id_6,1300,0.02805780397824214
1264,tx_id_6,1310,0.22432940130694842
1287,tx_id_6,1320,0.0025699281398287948
1269,tx_id_6,1330,0.05687351267983471
1283,tx_id_6,1340,0.02750131119477035
1265,tx_id_6,1350,0.011435955302758982
1285,tx_id_6,1360,0.008871337450201279
1284,tx_id_6,1370,0.0032290567688936524
1288,tx_id_6,1380,0.05136903454076269
1271,tx_id_6,1390,0.024088843974038057
1268,tx_id_6,1400,0.31377652030020664
1280,tx_id_6,1410,0.021679615797123367
1286,tx_id_6,1420,0.01338423705242896
1281,tx_id_6,1430,0.10398199392745752
1266,tx_id_6,1440,0.008073406736917144
1293,tx_id_6,1450,0.0007861482301587178
1277,tx_id_6,1460,0.13006609786768852
1273,tx_id_6,1470,0.05994007565763094
1276,tx_id_6,1480,0.008606366942815876
1270,tx_id_6,1490,0.007772489641621968
1319,tx_id_6,1500,0.021549207302581107
1275,tx_id_6,1510,0.02229629131611189
1278,tx_id_6,1520,0.02375665815314347
1267,tx_id_6,1530,0.006312238081507446
1272,tx_id_6,1540,0.00214502168460997
1282,tx_id_6,1550,0.02978159114530963
1279,tx_id_6,1560,0.04880449245612995
1294,tx_id_6,1570,0.0033183757319191977
1310,tx_id_6,1580,0.01572247921189069
1300,tx_id_6,1590,0.023286888701437344
1292,tx_id_6,1600,0.0011410240922162633
1291,tx_id_6,1610,0.025432955108016235
1299,tx_id_6,1620,0.07736408375058584
1290,tx_id_6,1630,0.024335347543650583
1289,tx_id_6,1640,0.019133561492237303
1297,tx_id_6,1650,0.013232365151116565
1302,tx_id_6,1660,0.0071139303990454235
1295,tx_id_6,1670,0.02314820598173848
1309,tx_id_6,1680,0.03944836029133196
1304,tx_id_6,1690,0.0010039572867100806
1318,tx_id_6,1700,0.0328228778122039
1305,tx_id_6,1710,0.1341231637202253
1315,tx_id_6,1720,0.026919290348001584
1314,tx_id_6,1730,0.009031945060987099
1296,tx_id_6,1740,0.028000013173424824
1317,tx_id_6,1750,0.19973242136946645
1312,tx_id_6,1760,0.022795617216856235
1320,tx_id_6,1770,0.00151075857323115
1301,tx_id_6,1780,0.004178080897320159
1311,tx_id_6,1790,0.016724566181985697
1298,tx_id_6,1800,0.007133404863597779
1307,tx_id_6,1810,0.008421534724927949
1321,tx_id_6,1820,0.012407936535780305
1313,tx_id_6,1830,0.005602862911607145
1316,tx_id_6,1840,0.04382589661210053
1308,tx_id_6,1850,0.0033737069172095784
1306,tx_id_6,1860,0.037451536376797635
1303,tx_id_6,1870,0.02484620315768865
1322,tx_id_6,1880,0.022802989450735583
